0,0.002254825783799763,7
1,-0.44875957538007727,7
2,-0.785988601758776,11
3,-1.6362320057667232,29
4,-0.396687708685591,7
5,-0.2732202145930016,6
6,-0.12966276259200593,7
7,-0.11991802190064149,8
8,0.8676663017749464,14
9,-0.23919832535898577,14
10,1.0077655383342372,13
11,-0.050674675271802805,8
12,0.25981154113432736,8
13,0.0008369991644521235,7
14,0.21557550984760776,8
15,0.016813991529322836,7
16,0.0015458250907769422,14
17,0.05652000196904505,7
18,1.2795065034777315,16
19,2.0274095431956165,21
20,-0.09523077094833221,7
21,0.036110021623594335,8
22,0.044046677288709146,7
23,3.1424708586131844,33
24,-0.11480564911934743,7
25,1.072637381199213,19
26,0.11660983087317023,8
27,2.828820955153603,28
28,1.0142873804011021,13
29,-0.08585463667262527,8
30,0.9782820832159582,14
31,2.0237980946781757,21
32,1.0837322443608075,14
33,1.3203119372107688,15
34,0.045720655391655374,7
35,0.2361740688402585,8
36,5.4150270172762545,34
37,0.9573183743669085,14
38,0.10574611188159744,7
39,-0.11955441398740752,7
40,-0.014469134093651914,7
41,-0.03116079358300783,7
42,1.093027415440722,15
43,1.1178622517516779,14
44,1.13238121902214,15
45,0.12000340873694038,8
46,-0.02827644215688574,7
47,5.63439024812272,38
48,1.0423493367258612,24
49,2.883910625145884,27
50,0.09722338854629275,8
51,0.11475945075158078,8
52,-0.08869902704748123,9
53,0.9865365118298912,16
54,4.267098425768129,33
55,4.136636814011576,34
56,0.1213629227200006,8
57,-0.17848761361140952,9
58,0.21296184912852167,9
59,1.1254115100511397,14
60,2.369078536014274,26
61,0.03950996143787888,9
62,0.13058196606650863,9
63,1.9480258820688787,24
64,3.1038593174750453,33
65,2.666849088554807,31
66,-0.2713234028807834,9
67,-0.5846672538357153,10
68,0.1691261599127889,8
69,-0.3507483683930228,11
70,1.9996089792457177,25
71,0.6354414106096127,19
72,-0.02347469968386051,8
73,-0.3471587386394568,10
74,2.6205843058774083,30
75,3.190338903950388,44
76,-0.7852717405864547,11
77,3.844578044415573,39
78,-1.1626293841503321,14
79,0.8886753076672447,15
80,-0.44790532929167726,11
81,0.20192480294149662,20
82,0.17816643349255856,8
83,-1.164936464300368,11
84,-1.4293923716311805,11
85,-1.494412102336868,11
86,3.129010365533258,32
87,-1.1016803603945253,10
88,1.2972640393753925,28
89,-0.9566634020855298,10
90,5.248919447546325,48
91,0.6972545319068417,18
92,0.892673331842023,16
93,0.3589333746898169,19
94,-0.5549076580667004,23
95,4.708576342455447,46
96,0.93334714795832,31
97,0.8606970251037893,15
98,0.07003071645944914,10
99,-0.8299092114252348,11
100,-0.5082226143669302,10
101,2.1347505018528192,25
102,0.2364625542147949,17
103,5.536350501222065,40
104,0.17967174467228686,10
105,2.392455315771309,24
106,0.9174361138531677,18
107,-0.8943869357153462,11
108,-0.26605152849786995,9
109,2.932836209416226,32
110,3.695157260921677,42
111,0.04949109005800567,8
112,1.0286552296424016,15
113,1.6115611590898848,27
114,-0.11371030455308895,9
115,1.1719568893048287,18
116,-0.823393837108473,11
117,0.1620152589606756,8
118,0.0363178682640346,8
119,1.231347866836972,17
120,2.5778451781814065,31
121,0.3220635812282939,19
122,1.0455582187404335,16
123,1.1287118638328693,15
124,1.038189953267243,17
125,2.1296758885944733,23
126,4.378048258842425,39
127,-0.05918232584199279,7
128,1.2986808791125624,15
129,0.17159155685805816,8
130,1.085327867851201,24
131,-0.6681073421777106,10
132,3.0431060589415155,28
133,0.0951248182746034,8
134,-0.0994163458876014,7
135,4.658745274501256,41
136,3.010615964548716,35
137,4.562959205008356,42
138,0.8593453151334316,14
139,1.2228141001267194,17
140,-0.2779618885464652,8
141,5.065727869844812,32
142,1.1612235248882885,17
143,1.4233352829281989,17
144,3.313462362877422,31
145,1.1358541919895502,16
146,1.1828819959252215,14
147,0.6319080086786399,18
148,0.26002293283768263,8
149,0.7139565628158902,19
150,2.985363917785678,33
151,0.13988428702884348,8
152,2.1149699539305535,25
153,-0.25778392994645616,8
154,3.3448543151475985,30
155,0.10893663306315293,8
156,-0.007802439210873646,8
157,3.986413305864759,43
158,0.12341033331333762,8
159,1.1408215242964648,15
160,0.07671708918193398,8
161,0.17042351272294898,8
162,3.0120838493428845,30
163,1.9211391716143567,25
164,0.960122686149995,15
165,0.1206360205848962,8
166,1.043993653983109,16
167,1.2173788263419456,16
168,-0.28839347539688,9
169,0.12708530113467464,9
170,0.18265484404117904,8
171,-0.045495602266543145,8
172,2.068958996896911,21
173,0.2870207880577458,8
174,2.3857114521609035,25
175,0.25606149518636645,8
176,0.754228403464706,18
177,0.1541912633263729,8
178,1.1013927543598396,14
179,0.010761719823865867,8
180,-0.27985618049166594,8
181,1.053161129560344,16
182,0.04623353013816067,8
183,0.18244652772774383,8
184,3.6665702846458634,44
185,0.054180139426708074,8
186,-0.052323455456557144,9
187,2.9960700871903274,27
188,3.060742390654724,34
189,0.05474418411366089,8
190,1.658757253791523,19
191,-0.03328919926681595,8
192,1.0576175373510086,17
193,3.047356011673809,33
194,0.11752418014791832,8
195,0.07935526840400842,9
196,0.20114868562365684,8
197,0.9471930932418218,16
198,2.0823059189492996,21
199,2.977896957345432,32
200,1.2088233844529004,16
201,0.16549841150112354,8
202,-0.00031292191737408714,7
203,5.652305505560244,43
204,0.968324486649895,19
205,-0.07270645891015715,7
206,1.3293453944918459,16
207,3.7807227749090497,42
208,0.007792900262726832,8
209,1.9092206843993997,21
210,0.09996464096390056,8
211,0.013854691494646243,8
212,1.9529215053567652,21
213,1.1734488359775725,19
214,0.09437783205642147,9
215,3.14239267236311,30
216,0.34943578298264977,18
217,0.9209114711367217,13
218,0.9271605261310871,14
219,2.2755962536240744,21
220,0.9706502097824774,15
221,3.203360950168273,34
222,0.14997828545888892,9
223,0.10321265266504054,8
224,0.6682105496048025,18
225,1.0683969742365513,15
226,0.07272900015768302,8
227,1.99095761117347,22
228,3.321734360502494,30
229,3.4233727335587947,31
230,1.0956026008923319,14
231,1.3098963114870839,18
232,4.706685633662867,41
233,0.06271445615757076,7
234,-0.08713600001741106,8
235,1.0822995777862783,16
236,2.90761177256526,36
237,0.03196762604177561,10
238,5.386754574722335,43
239,1.3128329216002634,16
240,5.410294582777356,41
241,1.090238467875606,16
242,5.882605036785192,37
243,2.4413155973994547,32
244,-0.08650926755945276,7
245,2.391475401525928,37
246,2.3696124283110103,24
247,0.008819826492816762,10
248,0.8936374926137276,16
249,3.036692475730354,27
250,0.07042049603230582,8
251,1.3272880917812504,17
252,3.1905556091780793,30
253,0.8262073976649547,18
254,-0.055675121573044106,8
255,-0.35942382780054016,11
256,-0.048338387207795264,7
257,5.095925434275078,43
258,1.0416353376128806,14
259,3.896613121175056,39
260,0.1357194833382882,9
261,3.3892717683368394,44
262,2.2366152478619155,22
263,1.9613518397553555,24
264,0.9351904336138108,14
265,1.111856257855114,15
266,-0.015606214852458167,8
267,1.345381148106401,25
268,1.363567792320512,16
269,0.008459840287310616,8
270,2.2413347140898483,25
271,1.188698074325056,14
272,4.158654502688096,37
273,3.2936870442658464,29
274,0.04670313264262549,9
275,0.13588388222589476,8
276,-0.09199416789052617,8
277,-0.039942014054912045,7
278,3.239512593432827,31
279,3.0197464767622817,30
280,0.010910817826159658,8
281,0.8077828658523494,15
282,0.14542072758493418,8
283,0.11829670385220048,8
284,0.20431643470985428,8
285,2.427533811694204,23
286,0.04655453100113793,8
287,1.2269881731026686,15
288,2.4286690835438858,24
289,2.154170254163688,27
290,0.07517873718910706,8
291,2.250070847200119,24
292,1.3787886648153687,26
293,4.6163153798641225,38
294,-0.018015619177550235,8
295,0.06195055307315811,8
296,2.9212162274426645,35
297,0.2033350789524917,8
298,2.327535154449153,25
299,4.788420206253597,38
300,0.1229771643751012,8
301,0.9005532990311087,16
302,0.04995073170513087,8
303,2.981830546968816,34
304,1.143790273327399,15
305,3.747310574970565,44
306,1.2702252151028683,15
307,1.52163110591603,29
308,1.9120301156227044,22
309,-0.06920353211626884,7
310,0.1761478584057512,8
311,1.0567334133999742,16
312,0.1746031847061753,8
313,2.043122516424198,21
314,0.08572832862211577,8
315,0.9098532528107377,14
316,-0.6617869504958924,10
317,5.508731976479088,46
318,2.3824420715225143,25
319,2.0809832163138893,21
320,1.237455060961722,17
321,-0.25826067530260743,16
322,2.285745110277063,24
323,-0.5499751902313176,9
324,3.6922669851710745,43
325,0.9516500015289966,21
326,0.3928300059976455,19
327,2.0797688236986964,22
328,-0.41222685416965266,10
329,2.406739650606695,25
330,3.3024421707475664,34
331,2.1350868418205082,22
332,2.3864457057754933,40
333,0.21985566903923104,8
334,1.1178961832420309,17
335,0.9867604685723852,16
336,1.8868322093395782,25
337,-0.01779302652536785,8
338,0.12751326561655207,8
339,0.08494838052065745,8
340,2.350273045721316,25
341,0.2501306026117922,9
342,3.857327837974699,41
343,5.117588215418199,46
344,0.05125978872875936,7
345,1.3633184527136573,17
346,2.273059639407181,24
347,-0.09530561223915224,8
348,5.6225248260236045,44
349,2.2121238633974096,23
350,2.982215685171082,29
351,-0.016123182657020285,8
352,0.03708505109322169,8
353,0.20502786227505831,8
354,5.211300962865966,45
355,0.1128472066870152,9
356,-0.29157841625496195,9
357,1.7826202444711678,27
358,3.076411096547363,35
359,2.9844051968785448,32
360,0.17777900449600814,9
361,-0.0011080092493105376,9
362,0.17597910165991926,8
363,1.3949351297270578,16
364,-0.04273627157512139,7
365,-0.05243798805318178,11
366,1.2373092867533897,16
367,0.17008537073180263,8
368,1.0748982420084263,16
369,4.140785935225092,35
370,1.1344114219788657,15
371,3.3727023572529724,29
372,2.0769598897425894,23
373,1.2604402609121483,17
374,0.030763158486648345,8
375,0.14254999778778865,9
376,3.4449234502702915,38
377,1.1510967781646944,14
378,1.0123956791310764,16
379,1.4984061456095428,17
380,0.9871453638815015,16
381,5.311784258143567,42
382,5.007614246207498,42
383,2.923713018374528,35
384,1.325653764207281,18
385,0.15135592218435412,9
386,0.17368997158675814,10
387,1.3131283654029122,17
388,4.070143454744275,46
389,0.13221789344355206,8
390,0.06058436934877309,8
391,-0.579007219219727,12
392,0.23393600788843538,9
393,1.691956471108068,26
394,0.06218110733228421,8
395,1.5792488270233793,18
396,3.510220537612298,29
397,0.25441336943306103,8
398,2.3189400126068698,29
399,2.353990439033023,36
400,1.2585041217328623,16
401,0.15922503496132134,9
402,1.9257736125831517,21
403,2.1264150035419873,22
404,2.207030428180602,24
405,2.2758472981794524,23
406,2.8986188062924034,32
407,0.1803279099923527,9
408,0.9644630685401034,19
409,0.9457871697974065,14
410,0.0053001172463247315,8
411,4.260274033517647,41
412,1.5655586792440919,27
413,1.4535339383436683,18
414,-0.6888939988423526,10
415,4.001102819042339,43
416,0.11196961196569877,8
417,1.3191396593266735,16
418,2.281078945345636,23
419,1.140660111483824,14
420,0.1978779740844785,9
421,0.11027316000951459,7
422,2.496913368911397,25
423,0.15523726354302436,8
424,0.2386338860774564,9
425,0.00801572768033032,9
426,2.116841296819194,25
427,0.7616226442959804,22
428,0.6512528301212521,17
429,3.389624081081874,32
430,0.24088391243428187,9
431,0.23049767807329502,8
432,0.25298499073201763,9
433,3.1408102096999624,31
434,1.0215786695646671,19
435,-0.1946809786841348,7
436,-0.028601297237593748,8
437,0.07950476350251212,9
438,3.0382644982885703,35
439,-0.7299694082379653,10
440,2.301948161874418,27
441,0.22913999116500916,9
442,0.2694290900678167,10
443,5.085888650499767,44
444,0.06950691788075614,8
445,0.25372968582127475,9
446,1.0111233429778537,15
447,-0.01623353709524422,8
448,1.1559484203977566,15
449,0.7607240365708743,17
450,1.6784816645445013,23
451,3.015597838315082,30
452,-0.017337335936958076,8
453,-0.5226244015831738,9
454,3.811781543629662,42
455,5.453695011439289,38
456,0.7331788032259394,20
457,0.09191447279818354,9
458,0.20756773628802994,9
459,2.009811372141383,19
460,-0.0626581431710862,9
461,2.3325007565996736,24
462,0.04698165004171395,8
463,0.1491748645324742,8
464,2.0300506889265275,25
465,4.543960682144858,41
466,0.08676372329416737,8
467,-0.020908134710301285,10
468,5.5554743134948295,43
469,-0.041964985787007913,7
470,5.9059683020661025,40
471,2.493260786073448,32
472,0.08865822690613179,8
473,2.3710791888048495,25
474,0.1718343917099645,8
475,-0.45051649936448435,10
476,0.09935001287653811,8
477,0.23816725237478953,9
478,-0.17781049300224105,9
479,0.184346297211323,9
480,2.3426660611039187,26
481,-0.4222855956953464,8
482,0.1664262852811571,9
483,-0.14596515880554795,7
484,0.0879126798770744,8
485,2.0621851643837275,23
486,0.1144800836494726,8
487,1.7417464189033218,28
488,0.21547382582582908,9
489,0.17763489027016677,8
490,0.25126791421672,9
491,0.17365755231802638,8
492,4.666970980113691,42
493,3.2172476270149435,28
494,0.8889769680685531,13
495,3.106401831912322,32
496,1.2496581067262391,16
497,0.14254844971530245,9
498,0.20769506804990634,9
499,1.2129591074600272,16
500,0.8345622509034085,20
501,5.221828878446109,39
502,2.0228959465595495,25
503,0.08817978455499698,8
504,1.1765248273084437,18
505,5.487192632295207,42
506,6.213243909391514,46
507,0.21074773094455201,8
508,3.366819036559969,30
509,0.16808611176771304,9
510,2.2232542374969695,27
511,2.874699648033542,34
512,2.8573812809883594,35
513,0.14627393428428537,8
514,0.18701534219191762,8
515,4.826200387232558,43
516,2.941797887798255,28
517,-0.052235367026353785,7
518,3.114232293801922,35
519,1.261089820100496,16
520,0.09915255123677147,8
521,3.258773880231133,33
522,1.8623749008217327,21
523,1.0476752332622015,15
524,0.056304508104410234,8
525,2.2315478657499956,24
526,4.422993242831874,41
527,5.266486692219469,42
528,3.854433442777858,41
529,-0.23429985064086722,14
530,0.17737815409915592,9
531,0.1480320006647584,9
532,2.1881893187264976,22
533,1.8324975924315083,25
534,1.099559999388371,14
535,3.3890245914723147,32
536,0.131144810428925,9
537,1.038795716533361,16
538,3.5451463886544,30
539,1.308845892565778,17
540,0.04193946920281344,9
541,3.8437855183018685,40
542,3.0537215576943746,35
543,2.1617392626900793,27
544,2.0369799633892804,22
545,0.23439023692764294,9
546,1.1280465509263498,16
547,2.2140025665525833,22
548,3.515407836047002,32
549,3.809344308578674,47
550,0.9924634005840156,13
551,1.9605124349569398,22
552,1.1512554002633735,15
553,1.2898234989130128,17
554,0.1374257700343502,9
555,1.4375226921039834,17
556,0.14944101904501728,8
557,5.725409182077232,41
558,0.11174857796520943,8
559,0.18922958622321184,9
560,1.9025089909130903,21
561,1.290465588417908,16
562,1.4212037069268955,18
563,0.12812911709180153,9
564,5.507372271431901,37
565,2.3847321853810786,26
566,-0.3537228328872537,9
567,0.08979703786345161,9
568,2.558543183652754,37
569,4.124895965295383,39
570,0.2646478756675341,8
571,0.1976880569782613,8
572,-0.27040607763239255,9
573,-0.08837446298710538,9
574,-0.14996579133932864,9
575,0.047148561920972165,8
576,0.1642181413304442,9
577,0.17186427192862141,8
578,0.16597740852016507,8
579,4.044855468351297,39
580,0.06498127779690943,7
581,2.4338567945017853,37
582,0.7972797836862411,17
583,1.1534083596192404,17
584,2.9380125630162808,29
585,5.641507090582448,49
586,1.1897601682240553,18
587,4.001063411212402,38
588,0.08226471008995784,7
589,1.3928863184328342,18
590,1.3519595593590887,16
591,0.13222119693178302,8
592,0.25556474833925025,9
593,0.1569738945888659,9
594,-0.016741916321328043,8
595,1.261646703520852,17
596,6.130536732107722,43
597,1.0901110713660507,17
598,-0.020165209664819383,8
599,5.756026404912467,41
600,3.787869142342445,43
601,1.3144746458716123,17
602,1.3641727512808384,16
603,5.457542624937203,40
604,-0.043262804123263665,8
605,0.19218683443946039,9
606,5.627436206789668,42
607,1.141365218416344,16
608,1.8694491549330667,21
609,3.3339542516710647,36
610,0.7530287375897102,19
611,0.03739939701372852,8
612,1.8835853801629918,26
613,1.25036048377084,18
614,0.16397278903127877,9
615,3.0639593378547865,32
616,0.28641263329518174,9
617,2.3925389170075655,37
618,0.20967292255303938,9
619,-0.04412822352570389,8
620,3.4228440878954602,33
621,1.431322968721069,17
622,2.2517028667763284,22
623,1.2790986191463518,17
624,1.1012705385497608,16
625,0.9071381359131172,35
626,1.100698126418874,17
627,0.182885780902023,9
628,0.33922020882366555,9
629,1.0812114202392196,17
630,2.271301440601233,25
631,1.276196156353865,16
632,1.167184810209374,17
633,0.030394483136154005,8
634,1.1231327409786234,17
635,0.15427994882617924,9
636,5.8569283267232874,39
637,0.1885042725312147,8
638,0.01378144048865626,8
639,3.4484972186506013,31
640,0.9973396702308108,14
641,2.0247254390980163,23
642,2.5557849765262692,35
643,1.4958123585242258,28
644,0.014198371385003572,9
645,3.124182606484479,30
646,-0.2852069940445341,9
647,3.4613837239056053,31
648,3.1467442065656037,34
649,3.4041102582175675,36
650,1.3590927904358172,17
651,0.19248537858370107,20
652,2.471012088831963,23
653,0.22173707721654523,9
654,0.11820667368000581,8
655,1.291216547208235,31
656,5.53077812547096,43
657,5.976783328674154,42
658,4.278894108265969,39
659,2.0863661670573266,23
660,2.915431753942763,32
661,2.216410368513852,27
662,0.937440935668844,13
663,1.2081600932703274,17
664,0.14277408385826496,8
665,3.917127057981852,42
666,5.622570618697438,42
667,2.3670039163486885,23
668,3.1409219037115754,30
669,0.11816635406823894,8
670,1.2315638101347175,18
671,2.2427115025028117,26
672,2.2416991535792294,22
673,1.3558294946796434,18
674,0.11723664809019474,9
675,2.3038702257406163,28
676,1.9774924753318253,24
677,0.13795461532986253,8
678,0.4858262332756942,20
679,3.460367996368185,40
680,0.07219878242797928,8
681,3.1377810821087726,28
682,1.0201251358540087,16
683,0.17207510748207633,9
684,5.937178014472364,39
685,0.7988214356437471,18
686,2.089773362984165,22
687,0.10491833790977556,9
688,0.11393285348883464,8
689,2.974105782104653,32
690,0.3305997818218549,9
691,0.15763536371780007,8
692,1.0533176080183848,14
693,2.318744362864586,23
694,0.08153621174387804,8
695,1.7419521547520014,25
696,5.360047867682674,37
697,-0.3755170996838655,9
698,1.2166327707333195,17
699,0.12010825206600817,8
700,2.758871704902119,33
701,4.214830334337461,48
702,1.02738568071261,15
703,6.258980151636141,45
704,5.451562825356077,41
705,1.3462360510919882,20
706,0.7486062467256922,21
707,0.1491337903040455,8
708,0.8026136994165407,16
709,1.1148512047220076,14
710,0.18451535781492412,9
711,6.135047433065015,43
712,4.553434849186516,44
713,5.400996611271729,45
714,3.5336311364031614,31
715,0.11050184870483593,9
716,2.5265903643734773,24
717,2.41659063990444,24
718,2.931298093840514,32
719,0.055647839242416675,8
720,1.1458744858757663,14
721,0.2586798827185546,9
722,4.28860291778078,38
723,0.16359355323704938,19
724,1.201670324938751,16
725,0.15641378372356862,8
726,2.3919574324990363,24
727,3.01571239580431,32
728,1.314516457085635,16
729,0.13404050477154628,9
730,-0.2077728637933376,8
731,3.21898294454531,32
732,-0.5777557952974712,10
733,-0.021521080235862522,8
734,1.22052449163249,19
735,0.19118970207546315,8
736,1.3231111046832376,16
737,-0.46623843704397083,10
738,0.018368412038928472,8
739,1.3689124972922802,18
740,1.1125416407013011,18
741,0.16889750215584853,8
742,-0.2527956468240993,9
743,-0.34487570551911007,8
744,-0.4910100611280288,12
745,0.12095385176968332,8
746,0.23444908295715772,9
747,4.430417138111724,40
748,1.015683100904715,16
749,4.733484053332825,38
750,0.06456839449275309,8
751,4.618766776399356,39
752,5.478701788768124,44
753,2.443544345706344,24
754,0.8711662676508445,16
755,0.12094571405939725,8
756,3.981370527803012,36
757,5.566260317924479,43
758,0.4311241738765941,13
759,1.3091961959761602,15
760,5.52913988545753,48
761,1.0108513292250692,17
762,4.224506810815164,41
763,6.045005005978643,41
764,3.4052804036865023,31
765,0.01657914716775566,7
766,0.15736075842399622,8
767,0.19578323850236168,11
768,4.2604170270137045,43
769,2.3723500053107376,26
770,1.242168537921179,18
771,2.236587119919445,25
772,2.011011873408137,21
773,5.647891381261399,42
774,4.7920752207461765,39
775,0.9947877504914686,16
776,0.7308317680045808,18
777,2.2138917478424176,23
778,-0.009509739417399299,7
779,0.1068919728383142,8
780,-0.10985453748835394,8
781,1.2627580658421973,17
782,0.7857565694802262,19
783,0.9477375143440128,15
784,0.10748343349544376,9
785,1.2447695786661064,18
786,2.082101947476042,23
787,1.3634215048452014,16
788,1.2048828544050982,17
789,0.23657774218712957,8
790,2.3598145366883427,28
791,0.12548534377564002,8
792,0.11586938050815743,8
793,-0.057051566543794285,7
794,2.055900473249764,26
795,1.0736503516154787,15
796,1.2020850066950404,16
797,4.711374739507425,41
798,2.51694290135047,23
799,-0.03593589296357891,8
800,2.2552763584643594,27
801,3.847050788745382,46
802,1.2473883425721048,15
803,-0.0088673042864299,8
804,0.8804893867432508,22
805,1.0629184375088765,20
806,5.677926379122008,39
807,0.02735849286214953,8
808,1.0953922154484985,15
809,1.2364420804569898,19
810,-0.4011485533576258,11
811,0.1924426040978271,8
812,1.4056165065329518,18
813,2.613760845094119,36
814,5.473148217999066,43
815,-0.3862940895401309,10
816,0.1622022571323014,8
817,5.530908429854504,41
818,0.02450214934514028,7
819,1.0239339364250442,18
820,0.33548377821894304,9
821,1.276993198193535,18
822,0.07775924965503966,8
823,4.233352797324591,40
824,-0.02652381219738653,7
825,0.02156268909725023,8
826,1.2859635798865612,19
827,4.776997539719714,46
828,0.13614506621062628,8
829,1.181121599868626,16
830,0.16373787411292784,8
831,-0.10987085443118993,9
832,0.8718246174368895,18
833,-0.1569055702081712,7
834,1.9444028922791343,25
835,3.5872900182700285,32
836,1.949559953619159,27
837,4.462496588223973,38
838,2.3387855442148444,25
839,2.094050540095563,27
840,1.9819818068299182,26
841,3.250747121951517,36
842,0.02744915596605657,8
843,0.9352040211666135,16
844,0.9795564281538545,17
845,3.526143579962345,33
846,0.2335447361294647,9
847,3.204688123247699,36
848,3.5803722980451598,32
849,2.359389701399114,25
850,0.09962245892245147,8
851,1.1220281380782078,16
852,1.0369099229294774,15
853,-0.7127262929421814,10
854,6.213805960388284,42
855,3.0284260539793877,35
856,-0.06534582882051154,8
857,2.2889488773450966,22
858,0.20675633499618984,9
859,1.4291175842094792,16
860,0.9351535968313498,18
861,1.2412948244797963,16
862,1.4134405758754278,17
863,2.0520361297810834,25
864,1.2828414211500379,16
865,3.869284085252832,41
866,5.852685417004223,44
867,0.9124260378199369,13
868,3.2337725776886765,27
869,2.195057507722299,23
870,4.500012274159715,45
871,-0.022528218342750872,8
872,-0.09878794537156155,9
873,-0.01887429662393003,7
874,2.5387776560596103,24
875,5.243805275129024,46
876,0.11467348223961271,11
877,3.055047697351748,34
878,0.9767233259550046,14
879,2.9468814009674156,38
880,4.508640231984968,39
881,0.26252749870409,8
882,2.1527844205193745,25
883,3.9092738775923994,37
884,5.163653654472796,42
885,2.235689669062048,23
886,0.16621676095108473,9
887,-0.036418866335380495,8
888,4.34530078600792,46
889,2.433590428806045,25
890,0.8965935354304051,19
891,1.1906247193876736,15
892,5.886890389730471,40
893,1.1833264650370259,28
894,4.074813302059234,38
895,1.2499262124275101,18
896,2.2104164927144327,26
897,-0.06186814980863886,10
898,1.7677482879706248,25
899,1.2453219489798242,18
900,3.3364772669632003,32
901,6.305557225157582,47
902,4.41435343492355,40
903,2.0431465188417004,24
904,2.5295327051049545,36
905,0.2534348036699061,9
906,3.153074227006895,36
907,0.20017633466747742,9
908,0.9391818781974801,14
909,4.17198971342197,40
910,-0.1608292710237047,9
911,1.1716397801720393,17
912,-0.029490917490425206,8
913,4.525340703623302,40
914,3.4799564839278228,44
915,1.3182250283183499,16
916,6.0565873963491015,45
917,1.9550509323378478,24
918,5.870684329072666,43
919,0.1580279510136735,9
920,1.3399978901616842,16
921,5.1243192580890415,44
922,2.251435552798534,37
923,4.05421402704522,39
924,0.0597857245716491,8
925,0.20811112694465717,8
926,5.869828745888025,38
927,1.1990047759009337,17
928,0.1179661649249184,8
929,0.046051299289108005,8
930,5.654372871690368,45
931,0.19084782085520535,8
932,5.594872125331109,41
933,4.135946194658453,43
934,1.1063840260130489,16
935,-0.03105272584156149,8
936,1.4048600713038835,30
937,0.7994207128473065,19
938,2.216021192540602,26
939,4.352109629860261,50
940,-0.13545815282669893,8
941,1.0869645824608072,15
942,0.1602624406969675,9
943,2.235662685819733,24
944,2.9643689492752188,34
945,0.08459081390972911,9
946,5.5810960045502975,41
947,3.3874346023754818,34
948,2.138074062381846,25
949,5.402351692986989,43
950,4.56072114173554,45
951,3.224723503309221,32
952,0.22528442559856465,9
953,1.936919188583233,24
954,1.2370990533426327,18
955,-0.1666982607556784,8
956,-0.22147078970691392,9
957,4.2554438579471725,42
958,1.285364674292564,17
959,2.2126869103407283,22
960,1.3128866804735604,18
961,5.134287573635177,42
962,0.9729639098763725,18
963,0.7863583141642523,19
964,3.2808899648546843,29
965,-0.1371898672500771,7
966,3.4209679524280805,31
967,4.408847835937825,44
968,3.581084914276677,33
969,0.18993107511532115,8
970,2.394595245049824,24
971,1.0139296338563875,16
972,4.520052428509792,44
973,5.34258716418583,41
974,2.679384658843941,38
975,5.5310924927368665,41
976,0.1147777697372232,8
977,-0.022439257196980478,7
978,5.1982378822301545,45
979,2.8514541704026257,32
980,-0.21350601447142892,9
981,5.433685904303894,43
982,-0.043820204159841,9
983,-0.0014362123657709613,9
984,0.7009623125518787,20
985,1.2787841702505198,16
986,4.543471678556402,51
987,0.1657864734656216,8
988,-0.07381307256781666,10
989,3.1067514143148296,41
990,0.5879943888721324,18
991,4.109407006084597,41
992,1.383281844460989,27
993,0.2295077777399115,9
994,1.1021076815613133,17
995,1.9052023990731755,28
996,0.24948373129121304,8
997,0.21483009904844552,8
998,1.4636918520547346,19
999,-0.0008248016047464057,9
1000,1.9683537406510725,27
1001,1.2929658275687568,16
1002,3.1412136834094353,33
1003,1.2681639224733154,16
1004,2.170048549706802,22
1005,4.653295685335036,41
1006,3.1766851080298855,31
1007,3.4168939880533173,47
1008,-0.0895479275796438,9
1009,0.13134063064508683,8
1010,1.704386599165792,30
1011,5.120520620509467,44
1012,0.7509787005175594,17
1013,1.853679291761468,23
1014,1.0554492247740868,16
1015,-0.03841379800435618,9
1016,1.2096860169057195,18
1017,0.05745439528313012,8
1018,3.018665074957309,46
1019,1.232876963042877,14
1020,-0.32586784390028267,9
1021,5.23919080626945,46
1022,0.9368139517598171,22
1023,2.388104059536081,25
1024,2.841335543433411,43
1025,2.1898562534625867,22
1026,5.9936551353537215,42
1027,4.616511828748159,41
1028,-0.255838312654491,8
1029,2.8410819049586715,39
1030,-0.03632919485128361,8
1031,2.960229853224277,28
1032,3.0037301492170014,33
1033,-0.20043941170426982,9
1034,0.10362064115267988,8
1035,3.039995052481525,31
1036,1.4294847491014098,17
1037,0.21142312043798772,9
1038,1.5809930977571915,25
1039,1.258065067399257,16
1040,0.24465756945850003,9
1041,-0.4411181273815663,9
1042,-0.34981487935560085,9
1043,5.003093661582701,41
1044,3.5552722965430332,46
1045,0.521660310766596,20
1046,-0.11344907048403519,8
1047,-0.2547440976841052,8
1048,0.29391587515672524,9
1049,4.21958957319131,47
1050,1.05853312468752,14
1051,0.8243351189160069,15
1052,1.970331572967213,24
1053,-0.1519373374181876,8
1054,-0.09683358532769559,8
1055,-0.0594976329803627,9
1056,4.872013535675524,41
1057,4.155797390930413,40
1058,5.470333472284961,49
1059,5.939115082859367,47
1060,5.3949582992286595,47
1061,-0.18746649716464925,8
1062,1.2017310113988815,16
1063,0.03416536470399989,9
1064,4.485943549659823,37
1065,2.890348110507141,33
1066,-0.4767388517778971,9
1067,2.7429579041118153,32
1068,-0.21769543786681045,9
1069,4.331677505401496,37
1070,5.859207558485391,42
1071,1.1998812165522432,17
1072,1.8506572496451401,27
1073,0.09566514056597009,8
1074,-0.008368461424977713,9
1075,5.918832461763245,41
1076,0.14382594392122527,8
1077,2.877830970527489,28
1078,0.9165037136750405,15
1079,0.01963658690718484,7
1080,5.2707044586644765,40
1081,2.299650260971213,24
1082,-0.3640976284333275,8
1083,4.489355760038769,39
1084,1.0581415239337795,14
1085,5.5077677744740825,42
1086,4.442760689185257,41
1087,5.472261424038417,40
1088,2.0971498157335042,23
1089,-0.02459618538388586,8
1090,1.3567336949365316,17
1091,0.0858316593859465,8
1092,5.5044046781755895,41
1093,-0.013642984922309198,7
1094,3.2374600117037255,30
1095,1.2609136782382668,15
1096,0.04794435326191682,9
1097,0.8941331145110465,15
1098,1.2897947885549077,17
1099,4.807823039226384,48
1100,2.3262136263393165,27
1101,3.2966829649727423,28
1102,-0.03935759860481258,7
1103,3.077621975867192,34
1104,0.059833530714012984,8
1105,2.1170301606135187,27
1106,-0.2376433443197662,11
1107,2.8506260192211803,37
1108,-0.04232603555916581,7
1109,3.5593693202741665,37
1110,2.859994237689811,31
1111,-0.1282139898036947,9
1112,-0.16461818819608487,6
1113,3.2462335474343913,34
1114,0.10056416908630061,8
1115,0.852587716178187,17
1116,1.3196482384904091,16
1117,2.7257059376850803,39
1118,5.8962259226088385,42
1119,5.567658244702988,39
1120,3.3085900491494105,33
1121,0.15831208423379395,8
1122,1.661289893379164,24
1123,-0.017807425211396555,8
1124,5.362278782295944,47
1125,5.391853515293643,40
1126,2.126913752280468,22
1127,2.8100048696839033,32
1128,2.112666878288784,23
1129,0.335990659217577,9
1130,2.4453000394023245,35
1131,1.7303256038751877,29
1132,0.18706661909934041,11
1133,4.4422227478729965,44
1134,1.7441442580142792,26
1135,1.4157866218219808,31
1136,1.028836278891271,19
1137,-0.07915406003360026,8
1138,1.2451552373279946,16
1139,5.755231076133033,39
1140,2.1196853743506914,24
1141,1.3665819822170477,16
1142,2.3927500564654163,24
1143,3.636812287961523,33
1144,1.4306587553920078,17
1145,-0.2590834138938184,9
1146,-0.10495361525408775,9
1147,0.19479444962851433,8
1148,0.18937339089604643,8
1149,1.305883230920672,15
1150,-0.02590546525689008,7
1151,2.8533188527366793,39
1152,6.097891258228386,41
1153,5.590823913256955,38
1154,1.1724353802294947,15
1155,0.11760340031317051,8
1156,3.410103187750555,31
1157,0.03649833015089987,7
1158,2.177260132422361,22
1159,2.0158645975304283,31
1160,1.153584011087636,15
1161,0.7615449189679548,13
1162,1.1843632433903322,16
1163,1.936790424054605,23
1164,0.06798373442429706,8
1165,1.1660530328608267,15
1166,2.934959342960386,33
1167,1.1175834122924977,15
1168,5.44352735542064,51
1169,2.312710315132552,28
1170,1.9509430213119603,24
1171,1.9599513031859903,25
1172,5.955347634858212,45
1173,-0.24500415994834512,9
1174,0.2305138398280011,9
1175,4.646639837230423,39
1176,0.12757777977793627,8
1177,5.137378795484014,47
1178,3.5068085255167567,29
1179,1.5793803829630528,29
1180,0.08890412816370352,9
1181,0.8088692740585222,17
1182,0.14081062768633212,9
1183,-0.13772468741510813,8
1184,4.395438082467388,40
1185,0.8619787125704566,14
1186,5.8453133793638425,40
1187,3.661887118494997,34
1188,0.24302511410023642,9
1189,0.14035307655929063,8
1190,0.0387492335725681,11
1191,2.4858473495125577,23
1192,-0.04124448703943606,8
1193,3.449728445234445,35
1194,1.1042341787456902,16
1195,3.48339837112177,43
1196,2.1320327104119405,24
1197,2.265461630936223,24
1198,0.04188529772729388,8
1199,2.4477119118528936,24
1200,0.02441345813832707,7
1201,0.023299435626217502,9
1202,0.17084110881434533,9
1203,2.023626901695603,22
1204,3.3931239002484785,36
1205,-0.3586819934247769,9
1206,2.000804937262386,21
1207,-0.14221531526785558,8
1208,-0.17801538356406066,8
1209,4.610007222173582,44
1210,2.4930434044290353,29
1211,2.214422165736875,23
1212,0.0002823496378803192,7
1213,1.0325182462329043,14
1214,-0.412249467393917,9
1215,1.1331451298484732,15
1216,5.68206862372337,45
1217,2.0048811646900426,21
1218,1.0954909393779442,15
1219,-0.2653061785002806,9
1220,1.043510806453861,17
1221,5.700504281562652,45
1222,5.593312219259956,35
1223,5.720747908739825,39
1224,2.244243126559437,23
1225,-0.5302442969923666,8
1226,4.457479473455431,44
1227,0.21369208326817812,8
1228,5.306641679072429,44
1229,3.3168434992431495,32
1230,2.1369656429500647,22
1231,0.1922061733947984,8
1232,0.6126554363104182,17
1233,3.0298859805270544,33
1234,5.004346066777733,40
1235,5.751031153671848,40
1236,-0.0356844640164764,7
1237,5.687934022707771,43
1238,1.1100913336984939,15
1239,-0.2278232361857071,9
1240,5.540371347363639,40
1241,-0.38643436101266704,11
1242,3.461736416244097,29
1243,0.03959123501409456,8
1244,6.18814807397311,47
1245,3.5264383737915717,31
1246,0.1531676962055739,9
1247,0.9369852867393269,13
1248,0.05345665594007021,8
1249,2.1880856051063375,22
1250,0.921007569804043,19
1251,2.3009394673897106,23
1252,0.03897227304409712,9
1253,3.39420103947036,29
1254,0.04078511194822809,9
1255,3.391823032510427,31
1256,2.0613153197073983,26
1257,5.587578155730653,40
1258,0.06574968758458,7
1259,0.015090229985210257,9
1260,3.2762626642102637,29
1261,0.046658201904971275,8
1262,5.795297870509707,43
1263,2.0791218925129002,21
1264,-0.05439931998277525,8
1265,0.922174061930277,16
1266,4.170495180685951,42
1267,1.0329006527015698,15
1268,0.9689983104870805,21
1269,1.4298768330595983,24
1270,-0.06133938054176524,8
1271,0.02043170992951726,8
1272,6.092215092302565,46
1273,-0.18086829962258244,9
1274,3.9732791140388475,44
1275,3.3612026763515477,32
1276,4.652445076455402,39
1277,0.008484194238260745,9
1278,3.3774617744672124,30
1279,1.6976290029209498,25
1280,-0.04786216474314042,8
1281,1.298790303540732,17
1282,0.04451655652259778,9
1283,5.225827822852691,40
1284,1.2903863756992764,17
1285,5.777267693390247,40
1286,0.07010970727000387,8
1287,1.2061750565403364,15
1288,5.881310036279448,40
1289,4.800001266588204,49
1290,3.3202125196495826,30
1291,3.002298515906845,28
1292,1.379178800413388,16
1293,4.2077087301302525,50
1294,3.020474698611336,32
1295,3.515952571142611,32
1296,0.0761145120623401,8
1297,5.6146869191356545,37
1298,2.1290747030468014,22
1299,4.788789220757378,51
1300,2.0158363791373115,21
1301,-0.03803482106519229,8
1302,1.3429534480035192,16
1303,4.249115931519911,39
1304,3.2703172765811166,31
1305,1.1303797841867889,15
1306,-0.20458688294524707,8
1307,0.29708914815768495,21
1308,1.3289546636233647,15
1309,1.2108297920474822,14
1310,5.604646486696326,42
1311,1.5314774095495074,27
1312,0.9982362272386165,19
1313,4.059214486395651,39
1314,-0.03877269817997475,9
1315,5.04191927108572,50
1316,0.1441035627188869,8
1317,0.05937107408131981,9
1318,4.049701071360757,39
1319,2.3085679687599354,24
1320,1.0664120209732144,15
1321,2.5796630903816626,32
1322,1.0296161315627415,17
1323,0.0990265338244829,11
1324,5.982159730031418,39
1325,3.185105886689798,39
1326,5.412301426296342,44
1327,4.565645013995895,40
1328,0.9283866794135203,15
1329,4.251257387192543,42
1330,5.59605432087505,41
1331,2.6336027995039406,23
1332,3.861419150408935,47
1333,4.273172370560781,39
1334,2.4012000492860515,23
1335,4.578151600407031,40
1336,1.10240985105506,42
1337,-0.07124774634044662,8
1338,0.15565517389855965,9
1339,0.6362680101144209,18
1340,0.6208901402308111,18
1341,-0.09095392731579599,9
1342,0.2562144815321248,9
1343,1.0582136369918524,15
1344,1.0837361803444083,16
1345,0.018174422079251906,8
1346,5.591322238300028,48
1347,5.5410029736055275,42
1348,1.237777545492929,16
1349,5.552817326037689,45
1350,1.2088068314662856,16
1351,0.08058644435373696,8
1352,1.6990279617698096,28
1353,1.0333681745998118,17
1354,-0.25870194170016303,9
1355,1.285135533905477,16
1356,-0.029148189327743768,7
1357,-0.24743918161205947,8
1358,0.32447985157695913,52
1359,5.660537558045227,39
1360,1.1100863126086633,18
1361,0.9864941107530403,18
1362,-0.06945535943423886,8
1363,1.626081479717263,24
1364,-0.13130400512212004,8
1365,0.2945778589183705,20
1366,2.312092514882951,23
1367,0.2931565581526805,18
1368,0.007499949485681334,7
1369,3.492962783697008,30
1370,4.451974587105447,49
1371,0.7544277123890857,21
1372,1.0452536787402202,14
1373,4.806106051258884,49
1374,3.292071532126446,31
1375,-0.03679595079887876,7
1376,5.659010785034686,43
1377,2.2734310878325825,24
1378,2.863998345508649,31
1379,0.8802410169436028,17
1380,3.2759947298598604,49
1381,5.445926775110019,43
1382,0.001464316253438902,8
1383,0.16614544887816995,8
1384,5.827311857310451,46
1385,-0.06497709066856772,8
1386,2.221010538111229,36
1387,5.75784882719783,44
1388,1.2991972674906913,16
1389,2.949636611680333,33
1390,0.05956577484018344,8
1391,-0.01732170908478403,7
1392,1.620764611673298,27
1393,0.2519073856022094,8
1394,-0.4648905012566842,8
1395,5.74506458953445,43
1396,4.432450726232131,38
1397,4.2247022065602104,41
1398,5.25552569774793,42
1399,2.5980253087286447,32
1400,4.519416806419042,46
1401,-0.26050560400594547,9
1402,1.8771418574250318,21
1403,5.81464214871346,40
1404,0.2187972090028456,8
1405,3.0476877752038742,40
1406,0.343352997468503,9
1407,4.710104885326727,51
1408,-0.09076821712761518,8
1409,0.638343965689395,32
1410,1.908216887845195,26
1411,2.497418534685679,36
1412,0.0054113233868482435,9
1413,2.411796060991266,26
1414,5.899983404964474,39
1415,1.1310519640262875,18
1416,6.122618907493866,42
1417,1.1511225118405042,16
1418,6.052712292485382,43
1419,1.1095727334533647,19
1420,4.841944016860186,51
1421,-0.3738189784561299,9
1422,3.5023761797884134,41
1423,1.9334519171350864,26
1424,-0.4793573305784037,9
1425,0.17050334171505588,9
1426,5.179197809617755,51
1427,0.9686372211427694,17
1428,0.9159764596494826,19
1429,3.9050243628980876,38
1430,-0.41031698764477087,8
1431,-0.23683382254551244,9
1432,0.1159726850968068,8
1433,2.7694411023891234,42
1434,0.45587639031252336,16
1435,3.7072681739258995,43
1436,3.140587934141638,29
1437,0.17419439558528205,8
1438,1.4339694937303187,27
1439,0.13852006946752526,8
1440,0.21375969201778267,8
1441,1.0472026043794456,18
1442,0.8930426985260431,17
1443,1.2587378794157553,20
1444,4.9524224683143405,52
1445,5.285905802758008,43
1446,0.7757687235441069,18
1447,1.264882381952507,27
1448,1.3401014563951006,16
1449,3.983728746179753,41
1450,-0.023707762896788886,8
1451,3.8041988209608366,40
1452,2.2498016126725586,35
1453,3.6980048343432568,42
1454,4.986510726695258,45
1455,3.409952135869786,32
1456,1.3938454448899074,26
1457,4.327282551234242,40
1458,0.05477852323202903,7
1459,-0.2137126780684524,8
1460,4.110700882624629,47
1461,-0.07531671250205219,9
1462,0.049119224101703995,8
1463,-0.01873814122588957,8
1464,5.641052212592451,42
1465,4.026111081374226,44
1466,0.8062910268690855,17
1467,5.524137567357975,41
1468,0.059392422216997476,8
1469,4.138860286312482,45
1470,3.7009204402243334,48
1471,3.859567043231043,44
1472,-0.0022067934548078982,9
1473,5.997322631525979,41
1474,1.9445037585776448,26
1475,5.394615208181759,45
1476,1.0664733022087352,14
1477,1.078572370195439,15
1478,5.816804691721072,43
1479,3.1574517592583957,36
1480,-0.0783021537649955,9
1481,-0.2686035191775229,9
1482,3.6656979074940015,40
1483,-0.18396937124321888,9
1484,0.9718654863006673,16
1485,1.2645497587400447,17
1486,3.3034400203592176,33
1487,6.181143450031583,43
1488,2.19965688542306,23
1489,0.16660327907520678,8
1490,-0.17746850518233903,9
1491,2.755394848632349,31
1492,5.698701116644271,43
1493,4.155335216199353,36
1494,3.1879458547726687,34
1495,0.7421075599185509,16
1496,0.8738819234289903,15
1497,6.053835481891885,43
1498,5.776651442012636,46
1499,1.1123027989155925,17
1500,0.00025530060484801886,8
1501,0.1804900762045687,9
1502,1.7948151497879605,25
1503,0.28095712021964436,9
1504,0.8113608462976825,17
1505,1.445330664115549,16
1506,4.150652610688828,46
1507,1.0026988264814776,17
1508,4.783917906851071,45
1509,0.08716777030757328,8
1510,3.6453953652297333,32
1511,-0.33629949172105644,8
1512,-0.2718776473311697,9
1513,-0.013123075771133141,8
1514,0.02890396852225363,7
1515,-0.18636174398874372,7
1516,5.712295306180385,44
1517,0.023513253149630042,7
1518,2.0871694317077765,25
1519,-0.06624089330238025,8
1520,5.5067529026688815,47
1521,2.360029692310022,24
1522,-0.23522772931042035,8
1523,-0.1554207471039022,8
1524,0.08614630522165978,9
1525,0.05758303283923527,8
1526,3.416425322159225,34
1527,2.8711779664083967,31
1528,4.2543728979439,38
1529,5.616274595941497,44
1530,1.1323900537698268,16
1531,0.043315091209056744,9
1532,1.1723132650077273,16
1533,3.1813927234785346,35
1534,2.056657495829278,36
1535,3.816985517706997,49
1536,2.4470463142715433,31
1537,6.076198644863208,41
1538,1.088747542130938,15
1539,-0.1399705206428009,31
1540,0.04581290486915823,9
1541,0.008257504943049332,7
1542,0.571366366776487,21
1543,1.2888272648112578,17
1544,-0.2932969569237961,9
1545,2.3849161641497427,27
1546,-0.3210231117816019,8
1547,3.649004886571629,41
1548,5.562250096917647,42
1549,2.182181004687766,29
1550,1.0897461408890852,14
1551,-0.24551285106191423,7
1552,0.011403991655847934,8
1553,2.9572326059353897,34
1554,5.981805476931105,47
1555,-0.24444594762825034,9
1556,-0.24491423091430387,9
1557,5.483029608122647,38
1558,1.1803646581367895,16
1559,0.9036781720530931,17
1560,3.778169691060816,45
1561,4.9640190662054975,49
1562,5.073173751348621,44
1563,0.23691019821810855,9
1564,2.906333345789354,38
1565,-0.35922930110227824,9
1566,0.15374108167459433,8
1567,3.0274687048548508,26
1568,5.192296201250695,45
1569,-0.009625113780988404,9
1570,3.605862983836351,52
1571,0.18753023955319614,8
1572,2.4896616168084575,24
1573,0.9517343347042806,20
1574,1.0502516781169722,20
1575,0.5685239769235448,20
1576,2.1160321891297222,40
1577,2.4063272355250573,24
1578,2.531419476365979,23
1579,5.300656761577366,43
1580,2.6627226727289575,39
1581,1.304491037740649,16
1582,-0.25455057733331643,8
1583,5.582260332517984,39
1584,0.19068723273891797,9
1585,1.8374059967612815,25
1586,2.9127065017417073,32
1587,0.019317202429073976,7
1588,1.5286104580911806,24
1589,1.8667863897066654,25
1590,1.0152524405241041,15
1591,3.7681044328585447,46
1592,1.9446499306916225,23
1593,0.1250053428105078,8
1594,-0.2603174245418114,8
1595,1.2470401874199837,14
1596,5.328115383501956,48
1597,5.477326582541143,41
1598,0.949433705747663,16
1599,-0.13929908944419522,8
1600,0.08775318330458681,9
1601,2.42210758751858,23
1602,-0.4778115467640862,10
1603,5.110495931792243,49
1604,5.266611410063916,48
1605,1.905704201445757,21
1606,5.03422687286632,39
1607,-0.2467788367500574,7
1608,5.199154723417558,47
1609,2.2153751475446306,24
1610,1.8935549034211143,24
1611,3.4009224649493337,32
1612,5.319628595910226,44
1613,0.03004433226770864,9
1614,4.328333417250702,36
1615,5.366802981501072,44
1616,-0.26013468597010414,10
1617,-0.07527805355142725,7
1618,2.3449725897772495,22
1619,5.312399211384294,43
1620,4.95628971884188,45
1621,4.591789894799824,44
1622,-0.05746309211552736,7
1623,-0.2554757674421464,8
1624,0.6653967050678231,37
1625,0.7416574520971992,32
1626,5.258902799994216,43
1627,1.3188623988727128,15
1628,-0.15957930621380056,9
1629,1.1184005083405495,17
1630,4.670471019998099,42
1631,3.0856271753394893,33
1632,0.001338179258001393,8
1633,3.9168787013259023,54
1634,4.188135828639359,49
1635,4.307565143559888,48
1636,5.735489838862188,44
1637,0.8994242691240033,40
1638,5.504467033764579,41
1639,-0.11725561112877181,8
1640,0.2034657362451282,9
1641,2.915387836991432,36
1642,4.134348788349987,45
1643,0.541554170037924,17
1644,5.259619688846824,40
1645,5.767898457214447,46
1646,1.2273386492401515,15
1647,2.7383377415414247,37
1648,5.090336863387241,41
1649,4.895461452127732,47
1650,5.970019931064335,37
1651,-0.47261407636319464,9
1652,2.2891320726342075,26
1653,4.155906464201008,36
1654,5.862476223563639,39
1655,0.001974505363129042,8
1656,0.2326356851070055,9
1657,-0.19673310462244875,8
1658,0.8244190746103655,17
1659,-0.449839583435936,9
1660,0.21494697660973228,18
1661,3.875207128518074,35
1662,-0.11214715077200998,9
1663,1.273980439596809,15
1664,-0.05913016972406526,15
1665,-0.09376705372639871,12
1666,5.615814012157534,45
1667,0.8669645662020513,15
1668,0.060746223423200796,9
1669,5.36756924876239,44
1670,-0.027930962944372473,7
1671,0.05319230025888366,9
1672,0.9935514810680808,19
1673,0.2525341079234027,9
1674,1.1412181759296116,17
1675,5.943670854065895,43
1676,2.4318405742092652,30
1677,5.361668263890745,46
1678,-0.012366866076693794,9
1679,-0.3153653821565271,9
1680,3.3709700405909047,42
1681,-0.1897132932259531,8
1682,4.906617451088673,50
1683,-0.5693209002178026,9
1684,1.7988972904866918,25
1685,0.18138350178214369,9
1686,1.1490349210509803,15
1687,5.786699235122102,45
1688,1.112525825096217,17
1689,1.5914588550643818,29
1690,0.18053435430099962,8
1691,4.3959118501715935,41
1692,1.9532774054981301,42
1693,2.9598851229816137,33
1694,4.578999612267768,47
1695,1.165195630536064,17
1696,2.3484559239897274,23
1697,3.788427749307165,43
1698,4.461159763563678,51
1699,5.3436668197208235,44
1700,-0.04593921905066445,9
1701,-0.15660770503509847,8
1702,-0.08796376584954568,8
1703,2.682225024876406,36
1704,-0.5372302273986767,9
1705,5.786189226196992,44
1706,-0.06358363944127676,8
1707,1.3367450012980808,16
1708,5.42911598273424,48
1709,3.3942183847495153,31
1710,3.1389842792551024,32
1711,5.491152090904357,44
1712,4.485642021838834,37
1713,0.2747013966261411,9
1714,0.10683046741332647,8
1715,1.902314218844606,26
1716,2.550466394723271,32
1717,5.488708479114677,42
1718,0.0646166633885803,9
1719,1.033810121734735,20
1720,-0.04267524544539458,8
1721,5.328327566050492,43
1722,5.455343593440164,34
1723,5.301506831951533,45
1724,4.1659097666531055,44
1725,1.0619723253845268,27
1726,0.25369426221953084,21
1727,4.10334432832309,37
1728,5.4295505275800755,46
1729,2.9132382540635433,31
1730,1.4250778602173724,17
1731,1.5233565052753644,26
1732,1.28691910377559,18
1733,1.4915662362300455,27
1734,2.376984174882011,33
1735,3.4070946477472672,39
1736,5.6917790033214475,42
1737,5.115027528275257,45
1738,0.3088459067561722,9
1739,-0.36269929684273716,7
1740,0.2107930473105255,8
1741,-0.09890588754851692,8
1742,5.708924147106235,41
1743,0.9034255564540989,31
1744,-0.21922630839436363,9
1745,2.4484706891804997,25
1746,4.408368929022783,48
1747,5.381078484273343,43
1748,-0.343841204825057,8
1749,5.666116581409646,47
1750,5.745231241024317,43
1751,3.554559537065056,42
1752,0.3849318352709983,33
1753,4.214672370656259,49
1754,-0.1370892656280045,7
1755,0.10901696414289797,20
1756,1.09156031416786,20
1757,2.3224933461250736,23
1758,2.0898249012517383,23
1759,1.0632900732331398,14
1760,2.064316363984617,25
1761,2.4574958134979465,24
1762,5.2120863444605385,41
1763,1.857820181506764,36
1764,0.026962347657885966,8
1765,1.0315508096659354,20
1766,0.1473556870062358,8
1767,5.558344348081142,37
1768,0.4711423109145194,20
1769,-0.11546125593155032,8
1770,1.3137587836210467,17
1771,0.27845868314122946,8
1772,4.192438444044666,40
1773,4.7917593927439786,40
1774,-0.02624255100714712,9
1775,2.5429802983656025,37
1776,4.954632586853814,49
1777,1.9396733865617444,24
1778,5.3085634953696434,43
1779,4.84590321898796,45
1780,5.299308260182607,45
1781,-1.073050479784489,26
1782,0.1638053401370112,8
1783,3.297560154873389,52
1784,-0.1577752644178727,8
1785,3.039146743195423,29
1786,1.165966845783036,15
1787,-0.5333381089976675,8
1788,5.2424932503245465,38
1789,5.568811292725236,43
1790,5.731646295076772,41
1791,2.494082506617154,36
1792,-0.41693531081042146,9
1793,5.432573742896636,45
1794,5.1862390297367735,46
1795,5.867312566484215,42
1796,3.353346011315785,47
1797,5.646697056073605,39
1798,3.0606608473088732,33
1799,5.80183497814275,36
1800,-0.062436972096566845,8
1801,1.8375620076385304,26
1802,2.181130992699367,23
1803,2.073090969895523,26
1804,5.413578268715952,50
1805,0.41698690854299825,15
1806,5.229939483497557,41
1807,-0.012171526672339006,8
1808,0.18822049161424115,8
1809,0.041577672937115784,8
1810,-0.0332392073076766,9
1811,1.2684154707398436,16
1812,-0.2036219982520081,9
1813,4.253638996470994,42
1814,0.09170102947817238,8
1815,0.7616270663801048,31
1816,5.31126158096522,44
1817,0.937018020691408,17
1818,2.968986476071207,38
1819,5.873618917250841,49
1820,3.83996174941709,43
1821,0.9766806762821199,28
1822,5.65323177010552,39
1823,5.231862412123294,43
1824,5.441174537445253,46
1825,0.3892441250130121,22
1826,4.633486617495424,45
1827,1.8837512055759453,27
1828,2.1849927070089534,38
1829,0.015276374106373947,8
1830,2.5312522743846024,29
1831,2.2176045714538954,27
1832,2.214082964551909,24
1833,0.18667050314144995,8
1834,-0.023241581394268795,9
1835,4.773960126458442,45
1836,0.53525001648591,15
1837,1.1579828911308065,19
1838,5.40884462328767,41
1839,-0.10626260701797308,8
1840,-0.41288349204953034,9
1841,4.323742596511375,41
1842,0.2128783549949187,31
1843,1.059497827447708,17
1844,3.0814653235323677,33
1845,2.0441986167861157,23
1846,5.286860146340626,43
1847,-0.05787876899424682,8
1848,5.835715133518882,44
1849,-0.1486671772294983,8
1850,4.954880901799735,46
1851,1.051899796733951,17
1852,5.336375938123206,41
1853,5.370332375732771,51
1854,-0.7328987472872266,22
1855,0.9936275290943408,20
1856,5.865242649659675,41
1857,5.640365211131103,42
1858,0.13911768905670163,8
1859,2.9912870231060373,42
1860,0.6954287957805687,17
1861,6.1475447031346535,43
1862,0.8939144625259006,28
1863,1.13577572376489,15
1864,0.09437229080991938,9
1865,1.8372607248075878,28
1866,5.2320585298955375,44
1867,-0.0952516215544641,9
1868,0.04431298021448549,8
1869,2.0343070354481037,23
1870,4.249407595427034,44
1871,4.8561935013710205,43
1872,4.314782615341139,37
1873,5.76153175225601,43
1874,0.20184829072574484,8
1875,5.5468040321258965,45
1876,1.1691818204270543,28
1877,2.2426788112658245,25
1878,-0.4797154838662956,9
1879,5.015739370799906,50
1880,5.510493961424571,39
1881,1.0462819750958579,21
1882,5.425227224684888,41
1883,-0.5059535092661333,9
1884,-0.8010478984979462,12
1885,2.028455114230852,25
1886,5.6411249899533775,38
1887,4.498334704110852,39
1888,3.1291953765568863,42
1889,1.954038037935073,36
1890,5.242792661201516,48
1891,5.7689785909217095,36
1892,0.028722814809269304,7
1893,6.1509668145472745,43
1894,-0.0412892469142363,9
1895,-0.19710163616846532,8
1896,4.800695204404963,41
1897,5.693222885215481,42
1898,-0.14540760396566177,9
1899,0.3209555482765638,9
1900,2.2501097810344244,25
1901,3.940667381538555,37
1902,1.7013202633264428,31
1903,2.922709522480173,33
1904,4.953672306111943,51
1905,4.587179714191059,47
1906,4.302563063079014,43
1907,1.0409914226890464,18
1908,5.292347816225355,45
1909,4.469023790333808,49
1910,-0.3007571217631221,9
1911,5.325079071392645,42
1912,0.8929295719977599,13
1913,3.145391939258378,37
1914,-0.21600421340765008,8
1915,1.9213974655341723,24
1916,0.8520153332598339,17
1917,3.0796113140841648,45
1918,1.3194926746796933,17
1919,2.2618711855078284,24
1920,5.675415948775819,44
1921,0.5218506061996846,16
1922,-0.5155717570474734,10
1923,-0.05339628831338661,9
1924,3.983543574030227,49
1925,0.21631008337446822,8
1926,5.841284085569353,40
1927,3.1758689832376907,35
1928,0.14607375013523338,9
1929,2.155921248998353,27
1930,2.0273661051643392,20
1931,0.019041890503314285,8
1932,5.228726141144581,42
1933,-0.11791945566363193,8
1934,1.769495243658148,25
1935,0.2423561901303919,8
1936,2.630699108446771,35
1937,0.9546566518313762,17
1938,2.400032300352399,25
1939,5.200312850228279,45
1940,4.291639645136393,46
1941,0.13745505913993217,8
1942,5.379917426535991,42
1943,0.8594728788339976,16
1944,0.1745190444760869,11
1945,4.55131196694309,43
1946,0.8664998718693908,15
1947,1.2032277013463415,18
1948,1.1556272155294747,17
1949,4.911526942184371,46
1950,1.8005702678939577,24
1951,3.4625247647479984,30
1952,3.0589282853736393,48
1953,5.189898239550592,43
1954,0.3099544194262953,18
1955,4.5432701592147176,38
1956,0.0032606043745206925,7
1957,-0.03237361363252644,8
1958,4.018642958442597,53
1959,0.18817719580921555,8
1960,-0.3966597199924662,9
1961,0.1512634493884788,8
1962,0.07461893787477014,9
1963,4.973082730896506,47
1964,-0.07679198785751784,8
1965,2.3892750265875478,30
1966,5.847308573420451,39
1967,4.182105699207705,38
1968,1.39442067001595,29
1969,2.808327781832636,31
1970,0.11336292785348467,9
1971,5.931588332614844,44
1972,0.2569400286339567,9
1973,-0.4826754607603939,9
1974,1.0574624507912933,29
1975,5.304050278668638,47
1976,-0.2605409700864847,9
1977,1.3732893811058267,16
1978,5.182911302423585,42
1979,0.12864831112551967,8
1980,-0.4125097295283324,9
1981,5.417169402762692,45
1982,-0.1577444599580523,9
1983,0.004723427480098907,8
1984,2.4821528350183266,31
1985,-0.5545864619522423,9
1986,5.85295664583931,42
1987,5.962339995088278,42
1988,1.2303147327875377,16
1989,-0.09667365881174061,8
1990,0.1845648784932905,8
1991,-0.08859643515589422,11
1992,-0.31660345882938,9
1993,-0.1121028732868512,9
1994,-0.18265237512784693,8
1995,2.4497259648490344,25
1996,2.3309640044079796,25
1997,1.098764678975673,17
1998,4.23144576184104,44
1999,1.3035874728134589,16
2000,0.3364267396411029,16
2001,1.3787839507904023,14
2002,5.20177330225378,46
2003,1.2007456457159105,17
2004,3.861539368392927,54
2005,0.15049150004144085,8
2006,-0.20383629756506905,9
2007,3.3928342498413535,29
2008,3.4104279960619444,39
2009,2.2852266859592096,23
2010,0.9776663915542931,17
2011,5.509417259984467,43
2012,-0.08380710220988008,9
2013,2.7568456671314,34
2014,6.165329775281073,41
2015,1.982514327866121,20
2016,5.431227353525885,42
2017,0.21418234192758945,8
2018,0.021566247796902527,9
2019,5.276637820915103,43
2020,5.824533142569872,41
2021,3.7340096329520325,42
2022,0.4764577708586817,40
2023,1.6847759414406047,24
2024,5.3819387868013635,49
2025,4.780201061293626,43
2026,5.835063062722879,42
2027,-0.09103741727592862,8
2028,1.301373141828738,16
2029,5.573016344750936,44
2030,1.1985184290751238,16
2031,4.358420329204061,40
2032,2.3953861318673404,35
2033,5.815575208645843,40
2034,0.12291915907849793,8
2035,5.1662957015957,42
2036,0.08090869505843545,8
2037,1.3706726189671028,28
2038,0.5133145348485708,18
2039,3.3301502806665537,32
2040,0.04424093687808184,8
2041,4.7869657928893865,48
2042,1.4229331476885467,26
2043,5.601219724436231,37
2044,0.607041626765177,17
2045,0.9852570716954132,19
2046,5.463459488776856,42
2047,0.1984320502107373,8
2048,3.9075741200373377,43
2049,5.346346401006896,42
2050,-0.08196363100981574,9
2051,1.3869570855256663,19
2052,2.599039749392439,25
2053,-0.01581492466866985,8
2054,2.873334743453058,36
2055,4.48545593124033,44
2056,5.367871627080479,43
2057,0.7422539149500715,16
2058,5.903482001869085,38
2059,0.9504622734876356,16
2060,3.3892870620018822,47
2061,3.623274420655087,42
2062,4.909529924235411,44
2063,2.1573185766528344,25
2064,6.113204928454452,48
2065,0.9028337402902706,17
2066,0.17026434633690957,9
2067,-0.10960544676881845,7
2068,5.570263509586313,43
2069,0.7981946344246083,16
2070,4.960578912915709,43
2071,1.225327422255384,16
2072,0.1939653764980489,9
2073,2.6865428417509087,30
2074,0.04143657458774852,8
2075,5.210143777652491,51
2076,0.8293545551523929,18
2077,0.21779221452589304,9
2078,5.098671785037698,45
2079,3.887716638190538,46
2080,-0.06515472678133649,7
2081,3.496557613690194,32
2082,0.6739404838428036,15
2083,-0.2346998937515985,9
2084,1.352111491856491,18
2085,5.0817226908404285,46
2086,0.021905425253021527,8
2087,-0.2984605676368772,8
2088,1.9545331570741595,36
2089,5.013264960170267,48
2090,4.1082516323066685,39
2091,2.279945490948325,23
2092,5.957201774877608,40
2093,3.9668652549280945,52
2094,-0.009419711365027617,9
2095,-0.023689452694526603,9
2096,1.0501804841590001,19
2097,4.504369138556839,45
2098,3.155858497169003,32
2099,-0.14821490787158498,9
2100,5.214000759668804,39
2101,1.355256110621394,16
2102,0.13306463742591967,9
2103,4.651917852546818,49
2104,4.346105252039491,34
2105,1.1560884737589423,16
2106,1.79493763214017,26
2107,2.2948427449455355,23
2108,5.325851960429973,41
2109,2.793124560490605,33
2110,1.8651102245354032,42
2111,5.157331201273448,36
2112,4.952298837012269,51
2113,0.10829429723700157,8
2114,3.3988362090521615,43
2115,0.9317988297455633,17
2116,2.6433836122190084,37
2117,5.797893330078471,39
2118,3.2492597353684403,32
2119,5.197988703335937,44
2120,3.999277635740273,43
2121,5.910616677274443,44
2122,3.5594844749173165,42
2123,5.644360609340706,40
2124,2.905966657375105,32
2125,5.415731941576367,43
2126,1.8738965640781227,29
2127,5.234729942849801,47
2128,-0.021150123326325154,7
2129,4.046647192368529,41
2130,1.247053559867597,15
2131,5.287658910300167,45
2132,4.31941920382355,42
2133,3.839204053919654,42
2134,1.060079084028417,19
2135,5.79012244682913,41
2136,0.20963045792420898,8
2137,0.14014400821600237,11
2138,2.2060640982126882,33
2139,0.18360958107730085,8
2140,1.7903267165475163,26
2141,1.2935526344373147,17
2142,5.917213686240473,41
2143,3.176899194385044,51
2144,5.68907859226884,43
2145,1.6774974932900415,24
2146,2.908079700698914,41
2147,3.468235784983417,46
2148,4.983394985765796,42
2149,0.03030954716615164,9
2150,1.8859019565662147,24
2151,1.4189979424485628,28
2152,4.069330874480361,44
2153,2.124195240357759,21
2154,-0.12137820770847729,8
2155,4.378354841863489,38
2156,0.9067483663444911,18
2157,5.332255859624511,46
2158,5.619942172861144,38
2159,2.1451178818118595,25
2160,2.3892812469314326,27
2161,2.2276913630300923,24
2162,2.316337782634722,23
2163,0.10555980281403632,9
2164,5.982989395543979,40
2165,0.9773840862356189,20
2166,3.0330267345929576,33
2167,-0.032510153260323915,7
2168,5.867305139153483,45
2169,4.467714092228596,49
2170,3.483385807314227,35
2171,-0.18710425098111916,9
2172,3.4506544684054425,31
